Wavelength,a,b
678.759,-42.352,-0.777
678.815,544.886,-0.593
678.871,540.905,-0.604
678.927,557.077,-0.636
678.982,561.918,-0.655
679.038,559.74,-0.676
679.094,521.62,-0.676
679.15,1438.582,-0.943
679.206,1051.103,-0.874
679.262,611.205,-0.758
679.318,933.071,-0.866
679.374,585.883,-0.762
679.43,599.914,-0.77
679.486,571.148,-0.765
679.542,558.788,-0.758
679.598,779.915,-0.844
679.653,522.813,-0.748
679.709,565.475,-0.766
679.765,954.062,-0.89
679.821,557.867,-0.758
679.877,688.831,-0.81
679.933,711.789,-0.815
679.988,712.832,-0.81
680.044,712.976,-0.812
680.1,815.812,-0.841
680.156,662.398,-0.801
680.212,80.273,-0.993
680.267,18.527,-0.99
680.323,18.755,-0.992
680.379,18.812,-0.992
680.435,18.526,-0.989
680.49,18.44,-0.988
680.546,18.479,-0.99
680.602,18.459,-0.989
680.658,18.447,-0.989
680.713,18.254,-0.989
680.769,18.38,-0.99
680.825,18.251,-0.989
680.88,18.309,-0.989
680.936,18.106,-0.988
680.992,18.116,-0.989
681.047,18.184,-0.989
681.103,18.212,-0.989
681.158,18.293,-0.99
681.214,18.1,-0.989
681.27,18.153,-0.989
681.325,17.997,-0.99
681.381,17.998,-0.988
681.436,17.916,-0.988
681.492,17.976,-0.988
681.548,17.999,-0.989
681.603,17.754,-0.988
681.659,17.697,-0.988
681.714,17.863,-0.989
681.77,17.736,-0.988
681.825,17.737,-0.988
681.881,17.776,-0.988
681.936,17.675,-0.988
681.992,17.778,-0.988
682.047,17.64,-0.988
682.103,17.595,-0.988
682.158,17.604,-0.988
682.214,17.525,-0.988
682.269,17.583,-0.988
682.325,17.727,-0.992
682.38,17.391,-0.988
682.435,17.3,-0.987
682.491,17.404,-0.989
682.546,17.321,-0.989
682.602,17.276,-0.987
682.657,17.295,-0.988
682.712,17.239,-0.987
682.768,17.259,-0.987
682.823,17.309,-0.989
682.878,17.296,-0.989
682.934,17.156,-0.988
682.989,17.177,-0.988
683.044,17.252,-0.989
683.1,17.273,-0.99
683.155,17.108,-0.988
683.21,17.105,-0.988
683.266,17.022,-0.988
683.321,17.23,-0.99
683.376,16.998,-0.988
683.431,16.993,-0.988
683.487,16.966,-0.988
683.542,16.963,-0.988
683.597,17.042,-0.988
683.652,16.976,-0.988
683.708,17.066,-0.989
683.763,16.92,-0.99
683.818,16.776,-0.988
683.873,16.804,-0.988
683.928,16.798,-0.987
683.984,17.005,-0.991
684.039,16.719,-0.987
684.094,16.775,-0.988
684.149,16.728,-0.988
684.204,16.94,-0.991
684.259,16.62,-0.988
684.314,16.635,-0.988
684.369,16.622,-0.988
684.425,16.412,-0.987
684.48,16.61,-0.988
684.535,16.541,-0.987
684.59,16.422,-0.987
684.645,16.494,-0.988
684.7,16.706,-0.992
684.755,16.503,-0.987
684.81,16.424,-0.988
684.865,16.398,-0.988
684.92,16.457,-0.988
684.975,16.471,-0.988
685.03,16.508,-0.991
685.085,16.333,-0.988
685.14,16.469,-0.988
685.195,16.323,-0.987
685.25,16.312,-0.987
685.305,16.251,-0.987
685.36,16.218,-0.987
685.415,16.411,-0.991
685.47,16.21,-0.988
685.525,16.191,-0.987
685.58,16.082,-0.986
685.634,16.035,-0.987
685.689,16.054,-0.987
685.744,16.05,-0.987
685.799,16.058,-0.987
685.854,16.041,-0.987
685.909,16.082,-0.987
685.964,16.14,-0.987
686.019,16.274,-0.987
686.073,16.416,-0.988
686.128,16.488,-0.987
686.183,16.525,-0.987
686.238,16.599,-0.988
686.293,16.455,-0.987
686.347,16.635,-0.987
686.402,16.589,-0.988
686.457,16.733,-0.989
686.512,16.487,-0.987
686.566,16.299,-0.987
686.621,16.067,-0.987
686.676,16.066,-0.989
686.731,15.918,-0.987
686.785,15.853,-0.987
686.84,15.809,-0.987
686.895,15.843,-0.987
686.949,15.783,-0.987
687.004,15.775,-0.987
687.059,15.687,-0.987
687.113,15.693,-0.987
687.168,15.635,-0.987
687.223,15.872,-0.988
687.277,15.685,-0.987
687.332,15.665,-0.987
687.387,15.598,-0.987
687.441,15.7,-0.987
687.496,15.674,-0.987
687.55,15.537,-0.986
687.605,15.619,-0.987
687.66,15.617,-0.987
687.714,15.49,-0.986
687.769,15.365,-0.986
687.823,15.499,-0.986
687.878,15.51,-0.987
687.932,15.495,-0.987
687.987,15.4,-0.987
688.041,15.483,-0.987
688.096,15.471,-0.987
688.15,15.462,-0.988
688.205,15.367,-0.987
688.259,15.199,-0.986
688.314,15.43,-0.987
688.368,15.228,-0.987
688.423,15.333,-0.987
688.477,15.369,-0.987
688.531,15.327,-0.987
688.586,15.389,-0.988
688.64,15.34,-0.988
688.695,15.377,-0.987
688.749,15.136,-0.987
688.803,15.214,-0.986
688.858,15.186,-0.987
688.912,15.394,-0.99
688.967,15.126,-0.986
689.021,15.223,-0.987
689.075,15.16,-0.986
689.13,15.13,-0.986
689.184,15.191,-0.988
689.238,15.165,-0.987
689.292,15.044,-0.986
689.347,15.107,-0.986
689.401,15.046,-0.985
689.455,15.057,-0.986
689.51,15.027,-0.986
689.564,14.983,-0.986
689.618,15.021,-0.986
689.672,15.023,-0.986
689.727,14.992,-0.986
689.781,15.044,-0.986
689.835,14.961,-0.985
689.889,15.043,-0.987
689.943,14.899,-0.986
689.998,15.141,-0.986
690.052,14.989,-0.986
690.106,14.89,-0.986
690.16,15.064,-0.988
690.214,14.836,-0.986
690.268,14.926,-0.986
690.322,14.906,-0.986
690.377,14.935,-0.986
690.431,14.956,-0.986
690.485,14.842,-0.986
690.539,14.844,-0.986
690.593,14.767,-0.986
690.647,14.877,-0.986
690.701,14.768,-0.986
690.755,14.894,-0.987
690.809,14.796,-0.986
690.863,14.762,-0.986
690.917,14.79,-0.986
690.971,14.694,-0.986
691.025,14.697,-0.985
691.079,14.789,-0.985
691.133,14.779,-0.986
691.187,14.622,-0.985
691.241,14.722,-0.986
691.295,14.731,-0.986
691.349,14.656,-0.985
691.403,14.708,-0.985
691.457,14.652,-0.986
691.511,14.768,-0.986
691.565,14.727,-0.986
691.619,14.681,-0.986
691.673,14.827,-0.986
691.727,14.755,-0.986
691.781,14.869,-0.988
691.834,14.709,-0.986
691.888,14.711,-0.986
691.942,14.648,-0.986
691.996,14.685,-0.986
692.05,14.666,-0.986
692.104,14.917,-0.989
692.158,14.679,-0.986
692.211,14.642,-0.986
692.265,14.7,-0.986
692.319,14.634,-0.986
692.373,14.659,-0.986
692.427,14.482,-0.985
692.48,14.648,-0.988
692.534,14.553,-0.985
692.588,14.648,-0.987
692.642,14.46,-0.985
692.695,14.536,-0.986
692.749,14.371,-0.985
692.803,14.442,-0.985
692.856,14.428,-0.985
692.91,14.415,-0.985
692.964,14.534,-0.986
693.017,14.561,-0.986
693.071,14.404,-0.985
693.125,14.343,-0.985
693.178,14.436,-0.985
693.232,14.429,-0.985
693.286,14.382,-0.985
693.339,14.561,-0.986
693.393,14.398,-0.985
693.447,14.393,-0.985
693.5,14.486,-0.987
693.554,14.42,-0.986
693.607,14.368,-0.985
693.661,14.373,-0.986
693.714,14.364,-0.985
693.768,14.394,-0.985
693.822,14.381,-0.985
693.875,14.57,-0.988
693.929,14.497,-0.986
693.982,14.395,-0.985
694.036,14.45,-0.986
694.089,14.414,-0.986
694.143,14.394,-0.985
694.196,14.369,-0.985
694.25,14.32,-0.985
694.303,14.364,-0.985
694.357,14.494,-0.988
694.41,14.351,-0.985
694.463,14.281,-0.985
694.517,14.323,-0.985
694.57,14.267,-0.984
694.624,14.269,-0.985
694.677,14.234,-0.985
694.73,14.19,-0.985
694.784,14.221,-0.985
694.837,14.228,-0.985
694.891,14.522,-0.989
694.944,14.297,-0.985
694.997,14.117,-0.984
695.051,14.282,-0.985
695.104,14.281,-0.986
695.157,14.21,-0.986
695.211,14.304,-0.985
695.264,14.201,-0.985
695.317,14.252,-0.985
695.37,14.27,-0.985
695.424,14.304,-0.985
695.477,14.219,-0.985
695.53,14.331,-0.986
695.583,14.223,-0.985
695.637,14.286,-0.986
695.69,14.327,-0.986
695.743,14.216,-0.985
695.796,14.337,-0.987
695.85,14.236,-0.986
695.903,14.26,-0.985
695.956,14.184,-0.985
696.009,14.168,-0.985
696.062,14.162,-0.985
696.115,14.138,-0.985
696.169,14.182,-0.986
696.222,14.15,-0.985
696.275,14.078,-0.985
696.328,14.013,-0.984
696.381,14.091,-0.985
696.434,14.2,-0.985
696.487,14.185,-0.986
696.54,14.044,-0.984
696.593,14.085,-0.984
696.646,14.078,-0.984
696.7,14.011,-0.984
696.753,13.996,-0.984
696.806,14.023,-0.985
696.859,14.134,-0.987
696.912,14.114,-0.985
696.965,13.986,-0.984
697.018,14.099,-0.985
697.071,14.142,-0.986
697.124,14.185,-0.988
697.177,14.146,-0.985
697.23,14.055,-0.985
697.283,14.271,-0.988
697.336,14.093,-0.985
697.388,14.185,-0.987
697.441,14.071,-0.985
697.494,14.074,-0.985
697.547,14.132,-0.985
697.6,14.014,-0.985
697.653,14.105,-0.985
697.706,14.094,-0.985
697.759,14.231,-0.986
697.812,14.012,-0.985
697.864,13.986,-0.985
697.917,14.05,-0.985
697.97,14.066,-0.985
698.023,14.075,-0.985
698.076,14.056,-0.985
698.129,14.013,-0.985
698.181,14.024,-0.984
698.234,14.084,-0.985
698.287,14.038,-0.985
698.34,14.242,-0.988
698.393,14.155,-0.987
698.445,14.073,-0.985
698.498,13.957,-0.984
698.551,14.09,-0.985
698.604,14.096,-0.985
698.656,14.037,-0.985
698.709,14.105,-0.985
698.762,13.982,-0.985
698.814,14.617,-0.994
698.867,13.929,-0.985
698.92,14.068,-0.986
698.972,14.007,-0.985
699.025,14.036,-0.985
699.078,14.041,-0.986
699.13,14.139,-0.985
699.183,14.063,-0.985
699.236,14.143,-0.986
699.288,14.032,-0.985
699.341,14.081,-0.985
699.393,14.065,-0.985
699.446,14.061,-0.985
699.499,14.068,-0.985
699.551,14.117,-0.985
699.604,14.12,-0.985
699.656,14.161,-0.986
699.709,13.997,-0.985
699.761,14.043,-0.986
699.814,13.91,-0.984
699.866,14.04,-0.984
699.919,14.028,-0.984
699.971,13.987,-0.984
700.024,13.895,-0.984
700.076,13.978,-0.984
700.129,14.019,-0.985
700.181,14.011,-0.984
700.234,13.97,-0.984
700.286,14.04,-0.985
700.338,14.006,-0.985
700.391,14.069,-0.985
700.443,13.981,-0.984
700.496,14.057,-0.985
700.548,14.101,-0.986
700.6,14.091,-0.986
700.653,13.984,-0.985
700.705,14.033,-0.985
700.758,14.055,-0.985
700.81,13.978,-0.985
700.862,14.009,-0.985
700.915,14.01,-0.985
700.967,14.054,-0.986
701.019,13.95,-0.985
701.072,14.017,-0.986
701.124,13.951,-0.985
701.176,14.055,-0.985
701.228,13.967,-0.985
701.281,13.982,-0.985
701.333,14.057,-0.985
701.385,13.945,-0.985
701.437,13.97,-0.985
701.49,13.979,-0.985
701.542,13.978,-0.985
701.594,13.955,-0.984
701.646,13.995,-0.985
701.698,13.971,-0.984
701.751,14.001,-0.984
701.803,13.875,-0.983
701.855,13.862,-0.984
701.907,13.925,-0.984
701.959,13.95,-0.984
702.011,13.925,-0.985
702.064,13.843,-0.984
702.116,13.993,-0.984
702.168,14.038,-0.985
702.22,13.968,-0.985
702.272,13.962,-0.984
702.324,14.011,-0.985
702.376,14.065,-0.986
702.428,13.978,-0.985
702.48,14.005,-0.985
702.532,14.139,-0.988
702.584,14.075,-0.986
702.636,14.012,-0.985
702.688,13.999,-0.986
702.74,14.041,-0.985
702.792,14.017,-0.985
702.844,13.995,-0.985
702.896,14,-0.985
702.948,13.959,-0.985
703,14.056,-0.985
703.052,13.949,-0.985
703.104,14.049,-0.985
703.156,13.918,-0.985
703.208,13.95,-0.985
703.26,13.957,-0.985
703.312,14.098,-0.986
703.364,14.05,-0.985
703.416,13.875,-0.984
703.468,13.968,-0.985
703.519,13.941,-0.985
703.571,14.029,-0.986
703.623,13.848,-0.983
703.675,13.945,-0.984
703.727,13.86,-0.984
703.779,13.892,-0.984
703.831,13.946,-0.985
703.882,13.904,-0.984
703.934,13.963,-0.984
703.986,14.054,-0.984
704.038,13.932,-0.984
704.09,14.118,-0.987
704.141,13.989,-0.985
704.193,14.618,-0.995
704.245,13.964,-0.984
704.297,14.054,-0.985
704.348,14.055,-0.986
704.4,14.154,-0.986
704.452,14.079,-0.986
704.503,14.1,-0.986
704.555,14.131,-0.985
704.607,14.123,-0.986
704.658,14.219,-0.987
704.71,14.126,-0.986
704.762,14.062,-0.985
704.813,14.327,-0.987
704.865,14.052,-0.986
704.917,14.171,-0.985
704.968,13.97,-0.985
705.02,14.028,-0.985
705.071,14.014,-0.985
705.123,14.128,-0.985
705.175,14.047,-0.985
705.226,14.036,-0.984
705.278,14.019,-0.985
705.329,14.03,-0.984
705.381,13.999,-0.984
705.432,14.147,-0.985
705.484,13.98,-0.984
705.535,14.065,-0.984
705.587,14.109,-0.984
705.638,14.027,-0.984
705.69,14.004,-0.984
705.741,14.047,-0.984
705.793,14.065,-0.985
705.844,14.022,-0.985
705.896,13.954,-0.984
705.947,14.047,-0.985
705.999,14.012,-0.984
706.05,14.05,-0.985
706.102,14.061,-0.985
706.153,14.053,-0.985
706.204,14.089,-0.985
706.256,14.216,-0.986
706.307,14.227,-0.985
706.359,14.148,-0.987
706.41,14.215,-0.986
706.461,14.104,-0.985
706.513,14.212,-0.985
706.564,14.129,-0.985
706.615,14.172,-0.986
706.667,14.125,-0.985
706.718,14.183,-0.985
706.769,14.187,-0.985
706.82,14.082,-0.984
706.872,14.183,-0.985
706.923,14.115,-0.985
706.974,14.184,-0.985
707.026,14.165,-0.986
707.077,14.17,-0.985
707.128,14.126,-0.985
707.179,14.194,-0.985
707.23,14.192,-0.984
707.282,14.051,-0.984
707.333,14.22,-0.986
707.384,14.099,-0.984
707.435,14.055,-0.984
707.486,14.18,-0.985
707.538,14.12,-0.985
707.589,14.16,-0.985
707.64,14.224,-0.985
707.691,14.183,-0.985
707.742,14.189,-0.985
707.793,14.324,-0.986
707.844,14.201,-0.985
707.895,14.212,-0.985
707.946,14.326,-0.985
707.998,14.314,-0.986
708.049,14.352,-0.985
708.1,14.451,-0.989
708.151,14.247,-0.986
708.202,14.292,-0.986
708.253,14.143,-0.985
708.304,14.37,-0.986
708.355,14.497,-0.988
708.406,14.705,-0.992
708.457,14.286,-0.986
708.508,14.224,-0.985
708.559,14.314,-0.986
708.61,14.415,-0.986
708.661,14.287,-0.985
708.712,14.31,-0.985
708.763,14.566,-0.989
708.814,14.229,-0.984
708.865,14.298,-0.985
708.915,14.251,-0.985
708.966,14.224,-0.984
709.017,14.286,-0.984
709.068,14.37,-0.985
709.119,14.279,-0.985
709.17,14.24,-0.984
709.221,14.17,-0.984
709.272,14.363,-0.984
709.322,14.29,-0.985
709.373,14.28,-0.984
709.424,14.305,-0.985
709.475,14.353,-0.985
709.526,14.332,-0.985
709.576,14.325,-0.986
709.627,14.424,-0.985
709.678,14.337,-0.985
709.729,14.338,-0.985
709.78,14.497,-0.986
709.83,14.387,-0.985
709.881,14.391,-0.986
709.932,14.346,-0.985
709.982,14.346,-0.985
710.033,14.466,-0.986
710.084,14.432,-0.986
710.135,14.473,-0.986
710.185,14.386,-0.986
710.236,14.594,-0.986
710.287,14.328,-0.985
710.337,14.502,-0.986
710.388,14.495,-0.985
710.439,14.465,-0.985
710.489,14.317,-0.985
710.54,14.352,-0.985
710.59,14.587,-0.985
710.641,14.506,-0.985
710.692,14.441,-0.985
710.742,14.434,-0.985
710.793,14.514,-0.985
710.843,14.473,-0.985
710.894,14.454,-0.984
710.944,14.416,-0.984
710.995,14.428,-0.984
711.046,14.561,-0.985
711.096,14.481,-0.984
711.147,14.594,-0.985
711.197,14.707,-0.987
711.248,14.622,-0.986
711.298,16.217,-1.012
711.348,14.552,-0.985
711.399,14.578,-0.985
711.449,14.559,-0.985
711.5,14.603,-0.985
711.55,14.615,-0.985
711.601,14.591,-0.986
711.651,14.592,-0.986
711.702,14.724,-0.986
711.752,14.83,-0.987
711.802,14.619,-0.985
711.853,14.673,-0.986
711.903,14.723,-0.986
711.953,14.697,-0.986
712.004,14.698,-0.986
712.054,14.751,-0.986
712.104,14.797,-0.986
712.155,14.631,-0.985
712.205,14.62,-0.985
712.255,14.67,-0.985
712.306,14.848,-0.987
712.356,14.808,-0.986
712.406,14.737,-0.986
712.457,14.794,-0.985
712.507,14.773,-0.987
712.557,14.726,-0.985
712.607,14.759,-0.985
712.658,14.767,-0.986
712.708,14.746,-0.985
712.758,14.743,-0.985
712.808,14.818,-0.985
712.858,14.967,-0.988
712.909,14.755,-0.985
712.959,14.862,-0.986
713.009,14.928,-0.985
713.059,14.9,-0.985
713.109,15.027,-0.986
713.159,14.982,-0.986
713.21,14.984,-0.986
713.26,14.983,-0.986
713.31,14.96,-0.986
713.36,14.923,-0.986
713.41,15.05,-0.986
713.46,15.017,-0.986
713.51,15.09,-0.986
713.56,15.104,-0.987
713.61,15.11,-0.986
713.66,15.033,-0.986
713.71,15.162,-0.987
713.76,15.136,-0.986
713.81,15.236,-0.987
713.86,15.127,-0.987
713.91,15.232,-0.986
713.96,15.251,-0.986
714.01,15.141,-0.986
714.06,15.228,-0.986
714.11,15.395,-0.989
714.16,15.25,-0.986
714.21,15.128,-0.986
714.26,15.237,-0.986
714.31,15.197,-0.986
714.36,15.206,-0.986
714.41,15.117,-0.985
714.46,15.175,-0.985
714.51,15.283,-0.986
714.56,15.316,-0.986
714.609,15.238,-0.986
714.659,15.07,-0.985
714.709,15.14,-0.985
714.759,15.268,-0.986
714.809,15.247,-0.985
714.859,15.32,-0.986
714.909,15.336,-0.986
714.958,15.26,-0.986
715.008,15.186,-0.986
715.058,15.296,-0.986
715.108,15.955,-0.996
715.157,15.423,-0.986
715.207,15.338,-0.987
715.257,15.382,-0.986
715.307,15.397,-0.987
715.356,15.408,-0.987
715.406,15.559,-0.987
715.456,15.463,-0.986
715.506,15.601,-0.988
715.555,15.526,-0.987
715.605,15.695,-0.988
715.655,15.569,-0.987
715.704,15.63,-0.988
715.754,15.591,-0.987
715.804,15.624,-0.987
715.853,15.481,-0.986
715.903,15.659,-0.988
715.953,15.777,-0.988
716.002,15.795,-0.987
716.052,15.632,-0.987
716.101,15.797,-0.987
716.151,15.684,-0.987
716.201,15.726,-0.986
716.25,15.674,-0.986
716.3,15.823,-0.988
716.349,15.779,-0.986
716.399,15.682,-0.986
716.448,15.751,-0.986
716.498,15.811,-0.986
716.547,15.865,-0.986
716.597,16.183,-0.994
716.646,15.829,-0.986
716.696,16.016,-0.987
716.745,15.938,-0.986
716.795,16.037,-0.987
716.844,16.121,-0.986
716.894,16.223,-0.987
716.943,16.403,-0.988
716.993,16.365,-0.987
717.042,16.379,-0.987
717.091,16.427,-0.987
717.141,16.328,-0.987
717.19,16.425,-0.988
717.24,16.581,-0.991
717.289,16.42,-0.987
717.338,16.365,-0.988
717.388,16.534,-0.988
717.437,16.317,-0.988
717.486,16.322,-0.988
717.536,16.349,-0.988
717.585,16.192,-0.987
717.634,15.996,-0.987
717.684,16.036,-0.987
717.733,16.103,-0.987
717.782,16.071,-0.987
717.831,15.85,-0.987
717.881,16.156,-0.987
717.93,15.963,-0.987
717.979,16.043,-0.987
718.028,16.026,-0.987
718.078,16.107,-0.986
718.127,16.013,-0.987
718.176,16.151,-0.989
718.225,15.949,-0.986
718.274,16.049,-0.986
718.324,16.091,-0.987
718.373,16.122,-0.987
718.422,16.265,-0.989
718.471,16.335,-0.989
718.52,16.12,-0.987
718.569,16.104,-0.987
718.619,16.27,-0.987
718.668,16.277,-0.987
718.717,16.203,-0.987
718.766,16.136,-0.987
718.815,16.23,-0.987
718.864,16.208,-0.987
718.913,16.293,-0.987
718.962,16.294,-0.987
719.011,16.274,-0.988
719.06,16.312,-0.987
719.109,16.453,-0.988
719.158,16.299,-0.988
719.207,16.416,-0.988
719.256,16.342,-0.988
719.305,16.635,-0.989
719.354,16.389,-0.987
719.403,16.61,-0.988
719.452,16.432,-0.988
719.501,16.593,-0.988
719.55,16.553,-0.988
719.599,16.46,-0.988
719.648,16.422,-0.988
719.697,16.635,-0.99
719.746,16.558,-0.989
719.795,16.472,-0.987
719.844,16.44,-0.987
719.893,16.615,-0.988
719.941,16.662,-0.988
719.99,16.715,-0.987
720.039,16.732,-0.987
720.088,16.714,-0.987
720.137,16.617,-0.987
720.186,16.901,-0.987
720.234,16.737,-0.987
720.283,16.794,-0.987
720.332,16.692,-0.987
720.381,16.698,-0.987
720.43,16.81,-0.987
720.478,16.901,-0.987
720.527,16.94,-0.987
720.576,16.815,-0.988
720.625,17.017,-0.987
720.673,16.977,-0.988
720.722,16.966,-0.99
720.771,16.834,-0.987
720.82,16.94,-0.987
720.868,17.119,-0.991
720.917,16.912,-0.988
720.966,16.854,-0.988
721.014,16.933,-0.988
721.063,16.964,-0.988
721.112,16.922,-0.988
721.16,16.984,-0.989
721.209,16.969,-0.988
721.258,16.993,-0.988
721.306,16.893,-0.988
721.355,16.799,-0.988
721.403,16.857,-0.988
721.452,17.011,-0.989
721.5,16.936,-0.988
721.549,17.044,-0.988
721.598,17.01,-0.988
721.646,16.963,-0.988
721.695,17.005,-0.988
721.743,17.036,-0.988
721.792,16.973,-0.987
721.84,16.977,-0.988
721.889,16.907,-0.988
721.937,16.995,-0.988
721.986,17.091,-0.989
722.034,17.07,-0.988
722.083,17.024,-0.987
722.131,16.977,-0.987
722.18,17.071,-0.988
722.228,17.139,-0.987
722.276,17.123,-0.988
722.325,16.959,-0.988
722.373,17.091,-0.988
722.422,17.017,-0.988
722.47,17.233,-0.989
722.518,17.035,-0.988
722.567,17.178,-0.989
722.615,16.894,-0.988
722.664,17.105,-0.988
722.712,17.165,-0.988
722.76,17.188,-0.988
722.809,17.131,-0.988
722.857,17.423,-0.989
722.905,17.223,-0.988
722.953,17.291,-0.989
723.002,17.463,-0.991
723.05,17.411,-0.989
723.098,17.299,-0.989
723.147,17.455,-0.989
723.195,17.545,-0.99
723.243,17.305,-0.988
723.291,17.359,-0.988
723.34,17.382,-0.988
723.388,17.402,-0.988
723.436,17.574,-0.991
723.484,17.365,-0.988
723.532,17.508,-0.989
723.58,17.469,-0.988
723.629,17.452,-0.989
723.677,17.624,-0.991
723.725,17.384,-0.988
723.773,17.536,-0.989
723.821,17.256,-0.987
723.869,17.496,-0.988
723.917,17.337,-0.987
723.966,17.382,-0.988
724.014,17.387,-0.988
724.062,17.411,-0.989
724.11,17.511,-0.988
724.158,17.444,-0.988
724.206,17.48,-0.988
724.254,17.598,-0.988
724.302,17.548,-0.988
724.35,17.549,-0.988
724.398,17.572,-0.988
724.446,17.648,-0.988
724.494,17.558,-0.988
724.542,17.62,-0.988
724.59,17.736,-0.989
724.638,17.646,-0.989
724.686,17.692,-0.989
724.734,17.65,-0.989
724.782,17.658,-0.989
724.83,17.695,-0.989
724.878,17.797,-0.989
724.926,17.771,-0.989
724.974,17.797,-0.989
725.021,17.797,-0.99
725.069,17.823,-0.989
725.117,17.801,-0.989
725.165,17.901,-0.989
725.213,17.841,-0.988
725.261,17.929,-0.99
725.309,18.103,-0.991
725.356,17.829,-0.989
725.404,17.998,-0.989
725.452,17.861,-0.988
725.5,17.895,-0.989
725.548,17.944,-0.988
725.595,17.736,-0.989
725.643,17.855,-0.988
725.691,18.056,-0.989
725.739,17.82,-0.989
725.787,18.019,-0.988
725.834,17.805,-0.988
725.882,17.88,-0.989
725.93,18.009,-0.989
725.977,17.984,-0.988
726.025,17.968,-0.988
726.073,17.949,-0.988
726.12,18.145,-0.989
726.168,17.867,-0.989
726.216,17.966,-0.988
726.263,18.084,-0.989
726.311,18.022,-0.989
726.359,18.046,-0.989
726.406,18.201,-0.989
726.454,18.092,-0.988
726.502,17.991,-0.988
726.549,18.089,-0.989
726.597,18.215,-0.989
726.644,18.287,-0.99
726.692,18.089,-0.989
726.74,18.077,-0.989
726.787,18.295,-0.99
726.835,18.253,-0.989
726.882,18.141,-0.989
726.93,18.158,-0.989
726.977,18.272,-0.99
727.025,18.393,-0.99
727.072,18.11,-0.99
727.12,18.378,-0.99
727.167,18.25,-0.989
727.215,18.444,-0.992
727.262,18.381,-0.989
727.309,18.298,-0.99
727.357,18.289,-0.989
727.404,18.392,-0.989
727.452,18.293,-0.989
727.499,18.406,-0.99
727.547,18.399,-0.989
727.594,18.428,-0.989
727.641,18.573,-0.993
727.689,18.277,-0.988
727.736,18.283,-0.989
727.783,18.565,-0.991
727.831,18.291,-0.989
727.878,18.305,-0.988
727.925,18.244,-0.988
727.973,18.397,-0.989
728.02,18.291,-0.989
728.067,18.362,-0.988
728.115,18.477,-0.989
728.162,18.405,-0.989
728.209,18.497,-0.988
728.256,18.493,-0.989
728.304,18.626,-0.989
728.351,18.621,-0.989
728.398,18.786,-0.994
728.445,18.731,-0.989
728.493,18.754,-0.99
728.54,18.715,-0.989
728.587,18.727,-0.989
728.634,18.669,-0.989
728.681,19.354,-0.999
728.729,18.768,-0.99
728.776,18.72,-0.99
728.823,18.923,-0.991
728.87,18.795,-0.991
728.917,18.726,-0.99
728.964,18.543,-0.989
729.011,18.665,-0.99
729.058,18.699,-0.99
729.106,18.777,-0.989
729.153,18.746,-0.99
729.2,18.702,-0.989
729.247,18.776,-0.99
729.294,18.836,-0.99
729.341,18.764,-0.99
729.388,19.478,-0.997
729.435,18.753,-0.989
729.482,18.83,-0.99
729.529,18.757,-0.989
729.576,18.713,-0.989
729.623,18.708,-0.989
729.67,18.782,-0.989
729.717,18.73,-0.989
729.764,18.652,-0.989
729.811,18.804,-0.989
729.858,18.804,-0.988
729.905,18.933,-0.99
729.952,18.996,-0.989
729.999,18.933,-0.99
730.045,18.857,-0.988
730.092,19.071,-0.99
730.139,18.924,-0.989
730.186,18.882,-0.989
730.233,18.79,-0.989
730.28,18.986,-0.99
730.327,19.103,-0.99
730.374,19.063,-0.99
730.42,19.048,-0.99
730.467,19.025,-0.99
730.514,19.195,-0.99
730.561,19.116,-0.99
730.608,19.273,-0.991
730.654,19.136,-0.99
730.701,19.051,-0.99
730.748,19.161,-0.99
730.795,19.243,-0.99
730.841,19.234,-0.99
730.888,19.099,-0.99
730.935,19.099,-0.99
730.982,19.234,-0.989
731.028,19.32,-0.99
731.075,19.408,-0.993
731.122,19.288,-0.99
731.168,19.249,-0.99
731.215,19.15,-0.989
731.262,19.213,-0.99
731.308,19.328,-0.99
731.355,19.413,-0.99
731.402,19.218,-0.989
731.448,19.187,-0.989
731.495,19.224,-0.99
731.541,19.252,-0.989
731.588,19.117,-0.989
731.635,19.101,-0.989
731.681,19.328,-0.99
731.728,19.294,-0.989
731.774,19.195,-0.989
731.821,19.255,-0.989
731.867,19.341,-0.99
731.914,19.336,-0.989
731.96,19.368,-0.989
732.007,19.271,-0.989
732.053,19.347,-0.989
732.1,19.241,-0.99
732.146,19.42,-0.989
732.193,19.449,-0.99
732.239,19.369,-0.99
732.286,19.285,-0.989
732.332,19.403,-0.989
732.379,19.338,-0.99
732.425,19.439,-0.99
732.472,19.525,-0.99
732.518,19.536,-0.99
732.564,19.49,-0.99
732.611,19.612,-0.991
732.657,19.528,-0.99
732.703,19.68,-0.99
732.75,19.645,-0.99
732.796,19.612,-0.99
732.842,19.609,-0.991
732.889,19.658,-0.991
732.935,19.725,-0.991
732.981,19.759,-0.99
733.028,19.99,-0.993
733.074,19.826,-0.99
733.12,19.94,-0.991
733.167,20.002,-0.99
733.213,19.997,-0.991
733.259,20.439,-0.994
733.305,19.985,-0.99
733.352,20.086,-0.991
733.398,20.003,-0.99
733.444,20.027,-0.99
733.49,19.992,-0.99
733.536,19.95,-0.99
733.583,20.295,-0.992
733.629,20.082,-0.99
733.675,19.913,-0.99
733.721,19.957,-0.991
733.767,19.862,-0.989
733.813,19.8,-0.99
733.86,19.863,-0.989
733.906,20.301,-0.994
733.952,19.86,-0.989
733.998,19.95,-0.99
734.044,19.963,-0.99
734.09,19.828,-0.989
734.136,20.075,-0.991
734.182,20.017,-0.99
734.228,20.001,-0.99
734.274,20.066,-0.991
734.32,20.403,-0.995
734.366,20.206,-0.992
734.412,20.126,-0.992
734.458,20.151,-0.991
734.504,20.143,-0.991
734.55,20.289,-0.991
734.596,20.165,-0.991
734.642,20.076,-0.991
734.688,20.204,-0.992
734.734,20.286,-0.991
734.78,20.211,-0.991
734.826,20.219,-0.991
734.872,20.291,-0.991
734.918,20.335,-0.991
734.964,20.148,-0.99
735.01,20.253,-0.991
735.056,20.28,-0.991
735.102,20.221,-0.991
735.147,20.285,-0.991
735.193,20.238,-0.99
735.239,20.275,-0.992
735.285,20.036,-0.99
735.331,20.274,-0.99
735.377,20.306,-0.991
735.422,20.25,-0.991
735.468,20.464,-0.991
735.514,20.206,-0.99
735.56,20.198,-0.99
735.606,20.211,-0.99
735.651,20.363,-0.991
735.697,20.187,-0.99
735.743,20.2,-0.99
735.789,20.366,-0.99
735.834,20.251,-0.99
735.88,20.379,-0.99
735.926,20.184,-0.989
735.971,20.37,-0.99
736.017,20.47,-0.99
736.063,20.408,-0.99
736.109,20.516,-0.99
736.154,20.51,-0.99
736.2,20.78,-0.991
736.245,20.884,-0.991
736.291,20.716,-0.991
736.337,20.981,-0.991
736.382,20.86,-0.991
736.428,20.881,-0.991
736.474,20.772,-0.991
736.519,20.818,-0.991
736.565,20.792,-0.991
736.61,20.974,-0.991
736.656,20.941,-0.991
736.701,20.974,-0.992
736.747,20.95,-0.992
736.792,20.719,-0.991
736.838,20.712,-0.991
736.883,20.641,-0.991
736.929,20.786,-0.992
736.974,20.65,-0.992
737.02,20.657,-0.991
737.065,20.583,-0.991
737.111,20.721,-0.991
737.156,20.612,-0.991
737.202,20.659,-0.99
737.247,20.579,-0.99
737.293,20.694,-0.991
737.338,20.783,-0.991
737.383,20.785,-0.99
737.429,20.601,-0.99
737.474,20.563,-0.99
737.52,20.71,-0.991
737.565,20.668,-0.99
737.61,20.7,-0.991
737.656,20.663,-0.99
737.701,20.794,-0.99
737.746,20.722,-0.991
737.792,20.791,-0.99
737.837,20.717,-0.99
737.882,20.828,-0.99
737.928,20.875,-0.99
737.973,20.733,-0.99
738.018,20.882,-0.991
738.063,20.69,-0.99
738.109,21.695,-1
738.154,20.872,-0.991
738.199,20.969,-0.991
738.244,20.886,-0.991
738.29,21.021,-0.991
738.335,21.07,-0.991
738.38,20.951,-0.991
738.425,21.047,-0.991
738.47,21.09,-0.991
738.515,21.23,-0.992
738.561,21.339,-0.993
738.606,21.163,-0.992
738.651,21.06,-0.991
738.696,21.012,-0.991
738.741,21.334,-0.992
738.786,21.164,-0.992
738.831,21.265,-0.992
738.876,21.122,-0.991
738.922,21.187,-0.991
738.967,21.305,-0.992
739.012,21.406,-0.992
739.057,21.162,-0.991
739.102,21.195,-0.992
739.147,21.353,-0.991
739.192,21.36,-0.991
739.237,21.328,-0.991
739.282,21.304,-0.991
739.327,21.414,-0.992
739.372,21.32,-0.991
739.417,21.333,-0.991
739.462,21.249,-0.991
739.507,21.4,-0.992
739.552,21.307,-0.991
739.597,21.311,-0.99
739.642,21.369,-0.991
739.687,21.372,-0.99
739.731,21.425,-0.991
739.776,21.389,-0.991
739.821,21.426,-0.992
739.866,21.439,-0.991
739.911,21.433,-0.992
739.956,21.42,-0.991
740.001,21.519,-0.991
740.046,21.582,-0.992
740.09,21.546,-0.991
740.135,21.49,-0.991
740.18,21.512,-0.991
740.225,21.533,-0.991
740.27,21.613,-0.992
740.314,22.02,-0.997
740.359,21.575,-0.991
740.404,21.926,-0.995
740.449,21.678,-0.993
740.493,21.724,-0.992
740.538,21.534,-0.991
740.583,21.679,-0.992
740.628,21.636,-0.991
740.672,21.618,-0.992
740.717,21.673,-0.991
740.762,21.734,-0.992
740.806,21.824,-0.993
740.851,22.05,-0.995
740.896,21.594,-0.991
740.94,21.695,-0.992
740.985,21.73,-0.992
741.03,21.691,-0.992
741.074,21.7,-0.992
741.119,21.787,-0.992
741.164,21.817,-0.992
741.208,21.682,-0.991
741.253,21.702,-0.991
741.297,21.705,-0.991
741.342,21.72,-0.991
741.386,23.512,-1.009
741.431,21.549,-0.99
741.476,21.774,-0.991
741.52,21.771,-0.992
741.565,21.736,-0.991
741.609,21.758,-0.99
741.654,21.805,-0.991
741.698,21.88,-0.992
741.743,21.809,-0.991
741.787,21.789,-0.991
741.832,21.774,-0.991
741.876,21.777,-0.99
741.92,21.734,-0.99
741.965,22.024,-0.991
742.009,22.167,-0.991
742.054,21.956,-0.991
742.098,21.89,-0.991
742.143,22.243,-0.992
742.187,22.108,-0.991
742.231,22.119,-0.991
742.276,22.085,-0.992
742.32,22.179,-0.991
742.364,22.144,-0.992
742.409,22.154,-0.991
742.453,22.353,-0.992
742.497,22.266,-0.992
742.542,22.307,-0.992
742.586,22.304,-0.993
742.63,22.384,-0.992
742.675,22.368,-0.993
742.719,22.321,-0.993
742.763,22.281,-0.992
742.807,22.454,-0.992
742.852,22.469,-0.992
742.896,22.559,-0.992
742.94,23.013,-0.996
742.984,22.706,-0.992
743.029,22.7,-0.992
743.073,22.879,-0.993
743.117,22.8,-0.993
743.161,22.647,-0.992
743.205,22.664,-0.992
743.249,22.713,-0.991
743.294,22.868,-0.993
743.338,22.709,-0.992
743.382,22.722,-0.992
743.426,22.53,-0.992
743.47,22.644,-0.992
743.514,22.802,-0.996
743.558,23.076,-0.999
743.602,22.214,-0.991
743.646,22.334,-0.992
743.691,22.091,-0.99
743.735,22.245,-0.991
743.779,22.365,-0.991
743.823,22.292,-0.991
743.867,22.358,-0.991
743.911,22.426,-0.991
743.955,22.446,-0.992
743.999,22.469,-0.992
744.043,22.518,-0.993
744.087,22.481,-0.991
744.131,22.467,-0.991
744.175,22.405,-0.991
744.219,22.616,-0.992
744.262,22.64,-0.992
744.306,22.76,-0.993
744.35,22.55,-0.992
744.394,22.643,-0.992
744.438,22.556,-0.992
744.482,22.681,-0.993
744.526,22.679,-0.992
744.57,22.631,-0.991
744.614,22.716,-0.992
744.658,22.866,-0.993
744.701,22.88,-0.993
744.745,22.622,-0.992
744.789,22.821,-0.993
744.833,22.77,-0.992
744.877,22.755,-0.993
744.92,22.891,-0.993
744.964,22.965,-0.993
745.008,22.964,-0.994
745.052,23.189,-0.997
745.096,22.974,-0.992
745.139,22.9,-0.992
745.183,22.925,-0.992
745.227,22.905,-0.992
745.27,23.218,-0.996
745.314,22.952,-0.992
745.358,22.782,-0.991
745.402,22.775,-0.991
745.445,22.827,-0.991
745.489,22.884,-0.992
745.533,22.79,-0.992
745.576,22.81,-0.991
745.62,22.798,-0.991
745.664,22.869,-0.993
745.707,22.744,-0.991
745.751,23.155,-0.993
745.794,22.828,-0.991
745.838,22.94,-0.992
745.882,22.933,-0.992
745.925,23.011,-0.991
745.969,23.099,-0.993
746.012,22.95,-0.991
746.056,22.967,-0.991
746.099,23.088,-0.991
746.143,23.057,-0.992
746.186,22.876,-0.991
746.23,23.07,-0.992
746.273,23.168,-0.992
746.317,23.082,-0.992
746.36,23.179,-0.992
746.404,23.33,-0.993
746.447,23.111,-0.992
746.491,23.271,-0.992
746.534,23.24,-0.993
746.578,23.337,-0.993
746.621,23.179,-0.992
746.665,23.321,-0.993
746.708,23.534,-0.994
746.751,23.334,-0.993
746.795,23.302,-0.993
746.838,23.249,-0.992
746.881,23.356,-0.993
746.925,23.229,-0.992
746.968,23.309,-0.992
747.011,23.416,-0.992
747.055,23.24,-0.992
747.098,23.486,-0.993
747.141,23.414,-0.992
747.185,23.469,-0.992
747.228,23.642,-0.994
747.271,23.402,-0.992
747.315,23.342,-0.992
747.358,23.369,-0.992
747.401,23.423,-0.992
747.444,23.274,-0.992
747.488,23.426,-0.992
747.531,23.97,-0.997
747.574,23.256,-0.991
747.617,23.476,-0.992
747.66,23.411,-0.991
747.704,23.352,-0.992
747.747,23.327,-0.991
747.79,23.573,-0.992
747.833,23.663,-0.993
747.876,23.39,-0.991
747.919,23.646,-0.992
747.963,23.556,-0.993
748.006,23.433,-0.991
748.049,23.522,-0.992
748.092,23.545,-0.992
748.135,23.641,-0.992
748.178,23.769,-0.993
748.221,23.885,-0.995
748.264,23.761,-0.992
748.307,23.665,-0.992
748.35,23.852,-0.992
748.393,23.867,-0.993
748.436,23.818,-0.993
748.479,23.87,-0.993
748.522,23.974,-0.993
748.565,23.797,-0.992
748.608,23.892,-0.993
748.651,23.842,-0.993
748.694,24.03,-0.994
748.737,23.887,-0.993
748.78,23.87,-0.993
748.823,23.85,-0.993
748.866,24.039,-0.994
748.909,23.907,-0.993
748.952,24.023,-0.993
748.995,23.99,-0.993
749.038,24.128,-0.993
749.08,24.044,-0.993
749.123,24.141,-0.993
749.166,24.016,-0.993
749.209,24.224,-0.994
749.252,24.087,-0.993
749.295,23.997,-0.992
749.338,24.077,-0.993
749.38,24.185,-0.993
749.423,24.084,-0.993
749.466,24.22,-0.993
749.509,24.064,-0.992
749.551,24.174,-0.992
749.594,24.057,-0.992
749.637,24.172,-0.992
749.68,24.064,-0.992
749.722,24.212,-0.992
749.765,24.16,-0.992
749.808,24.197,-0.992
749.851,24.369,-0.993
749.893,24.142,-0.992
749.936,24.363,-0.992
749.979,24.12,-0.991
750.021,24.084,-0.991
750.064,24.288,-0.992
750.107,24.231,-0.992
750.149,24.243,-0.992
750.192,24.478,-0.993
750.235,24.43,-0.992
750.277,24.733,-0.994
750.32,24.806,-0.995
750.362,24.511,-0.993
750.405,24.622,-0.994
750.447,24.429,-0.993
750.49,24.851,-0.995
750.533,24.783,-0.996
750.575,24.53,-0.993
750.618,24.648,-0.993
750.66,24.804,-0.994
750.703,24.634,-0.993
750.745,24.721,-0.994
750.788,24.78,-0.993
750.83,24.669,-0.993
750.873,24.73,-0.993
750.915,24.738,-0.993
750.958,24.881,-0.993
751,24.65,-0.993
751.042,25.007,-0.994
751.085,24.972,-0.994
751.127,24.819,-0.993
751.17,25.092,-0.994
751.212,24.886,-0.994
751.254,24.94,-0.994
751.297,24.843,-0.992
751.339,25.052,-0.995
751.382,25.071,-0.994
751.424,24.93,-0.993
751.466,24.948,-0.993
751.509,25.067,-0.993
751.551,24.979,-0.993
751.593,25.05,-0.992
751.636,25.021,-0.992
751.678,24.943,-0.992
751.72,25.134,-0.993
751.762,24.918,-0.992
751.805,24.824,-0.992
751.847,25.349,-0.996
751.889,24.954,-0.992
751.931,25.127,-0.993
751.974,24.806,-0.991
752.016,25.222,-0.993
752.058,25.087,-0.993
752.1,25.634,-0.998
752.142,25.271,-0.993
752.185,25.273,-0.992
752.227,25.333,-0.993
752.269,25.179,-0.993
752.311,25.382,-0.993
752.353,25.08,-0.992
752.395,25.292,-0.993
752.437,25.237,-0.992
752.48,25.228,-0.993
752.522,25.143,-0.992
752.564,25.305,-0.993
752.606,25.322,-0.993
752.648,25.39,-0.994
752.69,25.856,-0.998
752.732,25.453,-0.994
752.774,25.312,-0.993
752.816,25.455,-0.994
752.858,25.569,-0.994
752.9,25.488,-0.993
752.942,25.605,-0.994
752.984,25.665,-0.994
753.026,25.753,-0.994
753.068,25.65,-0.994
753.11,26.213,-0.999
753.152,25.56,-0.993
753.194,25.6,-0.993
753.236,25.896,-0.995
753.278,25.787,-0.994
753.32,26.533,-1
753.362,25.72,-0.994
753.404,25.69,-0.993
753.445,25.709,-0.993
753.487,25.723,-0.993
753.529,25.723,-0.993
753.571,25.783,-0.993
753.613,25.697,-0.992
753.655,25.765,-0.993
753.697,25.89,-0.993
753.738,25.785,-0.993
753.78,25.908,-0.992
753.822,25.785,-0.993
753.864,26.112,-0.993
753.906,25.999,-0.993
753.947,25.894,-0.992
753.989,26.044,-0.994
754.031,25.806,-0.993
754.073,25.986,-0.992
754.114,26.037,-0.993
754.156,25.94,-0.993
754.198,26.143,-0.993
754.239,26.073,-0.993
754.281,26.092,-0.993
754.323,26.129,-0.993
754.364,26.049,-0.993
754.406,26.297,-0.994
754.448,26.239,-0.994
754.489,26.229,-0.993
754.531,26.526,-0.994
754.573,26.287,-0.993
754.614,26.338,-0.993
754.656,26.38,-0.994
754.697,26.892,-0.997
754.739,26.313,-0.994
754.781,26.474,-0.994
754.822,26.665,-0.994
754.864,26.621,-0.994
754.905,26.664,-0.994
754.947,26.692,-0.995
754.988,26.635,-0.994
755.03,26.719,-0.994
755.071,26.834,-0.995
755.113,26.701,-0.994
755.154,26.652,-0.994
755.196,26.808,-0.994
755.237,26.671,-0.994
755.279,26.744,-0.994
755.32,26.918,-0.995
755.362,27.329,-0.998
755.403,26.842,-0.993
755.445,26.927,-0.994
755.486,26.786,-0.993
755.527,26.827,-0.994
755.569,26.686,-0.993
755.61,26.901,-0.994
755.652,26.951,-0.993
755.693,26.9,-0.993
755.734,26.8,-0.992
755.776,26.945,-0.993
755.817,26.84,-0.993
755.858,27.28,-0.995
755.9,27.315,-0.994
755.941,26.888,-0.993
755.982,27.185,-0.993
756.023,26.872,-0.993
756.065,26.936,-0.992
756.106,27.156,-0.993
756.147,27.178,-0.993
756.189,27.216,-0.993
756.23,27.29,-0.993
756.271,27.325,-0.993
756.312,27.212,-0.994
756.353,27.384,-0.993
756.395,27.51,-0.994
756.436,27.377,-0.993
756.477,27.758,-0.995
756.518,28.346,-1.001
756.559,27.7,-0.994
756.6,27.634,-0.994
756.642,28.414,-0.999
756.683,27.489,-0.994
756.724,27.945,-0.995
756.765,27.73,-0.995
756.806,28.169,-0.998
756.847,27.87,-0.995
756.888,27.859,-0.994
756.929,27.932,-0.995
756.97,27.877,-0.994
757.011,27.954,-0.995
757.053,28.635,-1
757.094,27.898,-0.994
757.135,28.088,-0.994
757.176,28.296,-0.995
757.217,28.46,-0.995
757.258,29.923,-1.006
757.299,28.655,-0.995
757.34,28.671,-0.995
757.381,28.711,-0.995
757.421,28.74,-0.995
757.462,28.757,-0.994
757.503,28.719,-0.994
757.544,28.668,-0.994
757.585,28.685,-0.994
757.626,28.662,-0.994
757.667,28.666,-0.994
757.708,28.707,-0.994
757.749,28.496,-0.994
757.79,28.512,-0.995
757.831,28.489,-0.994
757.871,28.788,-0.996
757.912,28.812,-0.994
757.953,28.733,-0.993
757.994,28.71,-0.994
758.035,28.866,-0.995
758.075,28.866,-0.995
758.116,28.885,-0.994
758.157,29.005,-0.993
758.198,29.225,-0.994
758.239,29.309,-0.995
758.279,29.265,-0.994
758.32,29.292,-0.994
758.361,29.31,-0.995
758.402,29.411,-0.994
758.442,29.247,-0.994
758.483,29.486,-0.994
758.524,29.385,-0.994
758.564,29.26,-0.994
758.605,29.337,-0.994
758.646,29.216,-0.994
758.686,29.205,-0.994
758.727,29.422,-0.994
758.768,29.529,-0.994
758.808,29.466,-0.995
758.849,29.612,-0.995
758.889,29.663,-0.995
758.93,29.748,-0.995
758.971,30.279,-1
759.011,29.81,-0.995
759.052,29.948,-0.995
759.092,29.938,-0.995
759.133,29.83,-0.995
759.173,29.913,-0.995
759.214,29.967,-0.995
759.255,30.1,-0.995
759.295,30.286,-0.996
759.336,30.362,-0.995
759.376,30.299,-0.996
759.417,30.336,-0.996
759.457,30.283,-0.995
759.497,30.093,-0.994
759.538,30.224,-0.995
759.578,30.379,-0.995
759.619,30.594,-0.995
759.659,30.638,-0.996
759.7,30.618,-0.995
759.74,30.884,-0.997
759.78,30.565,-0.994
759.821,30.386,-0.993
759.861,30.803,-0.994
759.902,30.728,-0.994
759.942,30.752,-0.995
759.982,30.762,-0.994
760.023,30.93,-0.994
760.063,31.182,-0.995
760.103,31.095,-0.994
760.144,31.313,-0.995
760.184,31.203,-0.995
760.224,31.407,-0.996
760.264,31.203,-0.994
760.305,31.475,-0.994
760.345,31.543,-0.995
760.385,31.863,-0.995
760.425,31.739,-0.994
760.466,31.626,-0.995
760.506,31.745,-0.995
760.546,32.14,-0.997
760.586,31.534,-0.994
760.626,32.177,-0.996
760.667,32.048,-0.994
760.707,32.879,-1
760.747,32.288,-0.995
760.787,32.338,-0.995
760.827,32.306,-0.996
760.867,32.219,-0.995
760.907,33.081,-1.001
760.948,32.537,-0.997
760.988,32.564,-0.995
761.028,33.014,-0.997
761.068,32.585,-0.996
761.108,32.82,-0.997
761.148,32.715,-0.995
761.188,32.965,-0.997
761.228,32.535,-0.995
761.268,32.994,-0.997
761.308,33.779,-1.002
761.348,33.631,-1.002
761.388,33.393,-0.999
761.428,32.931,-0.997
761.468,32.765,-0.996
761.508,32.916,-0.996
761.548,33.036,-0.996
761.588,32.917,-0.995
761.628,33.163,-0.996
761.668,32.829,-0.995
761.708,33.164,-0.995
761.748,33.227,-0.997
761.788,33.034,-0.995
761.828,33.946,-1.001
761.867,33.05,-0.995
761.907,33.174,-0.996
761.947,33.448,-0.997
761.987,33.91,-0.997
762.027,33.76,-0.996
762.067,33.847,-0.997
762.107,34.593,-1.002
762.146,34.028,-0.996
762.186,33.55,-0.995
762.226,33.844,-0.995
762.266,33.858,-0.995
762.306,33.592,-0.995
762.345,33.847,-0.996
762.385,33.755,-0.995
762.425,34.157,-0.996
762.465,34.222,-0.995
762.504,34.276,-0.997
762.544,34.71,-0.999
762.584,34.493,-0.996
762.623,34.629,-0.996
762.663,34.574,-0.996
762.703,34.61,-0.997
762.743,34.514,-0.995
762.782,34.759,-0.995
762.822,35.005,-0.997
762.862,35.143,-0.996
762.901,35.014,-0.997
762.941,35.335,-0.997
762.98,35.133,-0.997
763.02,34.836,-0.996
763.06,35.191,-0.996
763.099,35.273,-0.996
763.139,35.356,-0.996
763.178,35.777,-0.997
763.218,35.612,-0.997
763.257,35.558,-0.997
763.297,35.862,-0.997
763.336,35.657,-0.997
763.376,35.717,-0.997
763.415,35.477,-0.995
763.455,36.151,-0.996
763.494,36.136,-0.996
763.534,36.124,-0.997
763.573,36.16,-0.996
763.613,36.373,-0.997
763.652,36.285,-0.997
763.692,36.456,-0.997
763.731,36.776,-0.998
763.771,36.21,-0.996
763.81,36.516,-0.997
763.849,36.485,-0.997
763.889,36.844,-1
763.928,36.833,-0.996
763.968,37.18,-0.997
764.007,36.978,-0.995
764.046,38.315,-1.005
764.086,37.083,-0.995
764.125,36.853,-0.997
764.164,37.086,-0.996
764.204,36.925,-0.995
764.243,36.778,-0.996
764.282,36.965,-0.996
764.321,37.002,-0.995
764.361,38.475,-1.003
764.4,37.225,-0.995
764.439,37.662,-0.996
764.478,37.75,-0.996
764.518,37.894,-0.996
764.557,37.431,-0.995
764.596,37.785,-0.995
764.635,37.819,-0.996
764.675,38.092,-0.996
764.714,38.034,-0.995
764.753,39.409,-1.004
764.792,37.992,-0.996
764.831,38.32,-0.996
764.87,38.145,-0.995
764.909,38.309,-0.996
764.949,39.683,-1.003
764.988,38.433,-0.996
765.027,39.086,-0.997
765.066,38.72,-0.997
765.105,39.729,-1.001
765.144,39.559,-1
765.183,39.98,-1.001
765.222,38.95,-0.996
765.261,39.047,-0.996
765.3,39.143,-0.997
765.339,39.853,-0.998
765.378,39.578,-0.998
765.417,40.12,-1.001
765.456,39.862,-0.997
765.495,40.616,-1.002
765.534,39.782,-0.997
765.573,40.099,-0.997
765.612,40.033,-0.997
765.651,40.023,-0.997
765.69,39.999,-0.998
765.729,40.194,-0.997
765.768,40.255,-0.997
765.807,40.837,-0.998
765.846,41.075,-0.998
765.885,41.377,-0.997
765.924,41.588,-0.999
765.962,41.552,-0.997
766.001,41.952,-0.999
766.04,42.742,-1.002
766.079,41.61,-0.997
766.118,43.193,-1.006
766.157,41.22,-0.997
766.195,41.434,-0.998
766.234,41.839,-0.999
766.273,41.4,-0.997
766.312,41.507,-0.996
766.351,41.388,-0.996
766.389,41.46,-0.996
766.428,41.67,-0.996
766.467,41.732,-0.996
766.506,41.816,-0.997
766.544,42.001,-0.997
766.583,42.121,-0.998
766.622,42.148,-0.996
766.66,41.967,-0.996
766.699,42.252,-0.996
766.738,42.424,-0.997
766.776,42.358,-0.997
766.815,42.669,-0.997
766.854,42.93,-0.998
766.892,42.751,-0.996
766.931,42.808,-0.996
766.97,42.725,-0.996
767.008,43.126,-0.997
767.047,42.883,-0.997
767.085,44.186,-1.002
767.124,43.452,-0.997
767.163,43.723,-0.998
767.201,43.965,-0.998
767.24,43.903,-0.998
767.278,43.879,-0.997
767.317,44.199,-0.998
767.355,44.038,-0.999
767.394,44.235,-0.998
767.432,44.456,-0.997
767.471,44.156,-0.997
767.509,44.358,-0.997
767.548,44.564,-0.998
767.586,44.919,-0.999
767.625,44.72,-0.998
767.663,44.984,-0.998
767.701,44.905,-0.997
767.74,44.899,-0.997
767.778,45.127,-0.998
767.817,45.73,-0.998
767.855,45.839,-0.998
767.893,45.291,-0.997
767.932,45.893,-0.998
767.97,45.371,-0.998
768.008,45.845,-0.998
768.047,45.683,-0.998
768.085,45.857,-0.997
768.123,46.224,-0.998
768.162,46.284,-0.997
768.2,47.203,-1.003
768.238,46.183,-0.996
768.277,46.951,-0.997
768.315,46.448,-0.997
768.353,47.561,-1.002
768.391,47.608,-1.003
768.43,46.705,-0.996
768.468,46.876,-0.997
768.506,46.738,-0.996
768.544,47.05,-0.996
768.583,46.838,-0.996
768.621,47.346,-0.998
768.659,48.029,-1
768.697,47.246,-0.997
768.735,46.845,-0.995
768.773,47.438,-0.997
768.812,47.603,-0.996
768.85,47.557,-0.996
768.888,48.057,-0.996
768.926,47.828,-0.995
768.964,48.022,-0.995
769.002,49.51,-1.002
769.04,48.094,-0.997
769.078,48.168,-0.996
769.116,48.3,-0.996
769.154,50.127,-1.005
769.192,48.785,-0.997
769.23,48.92,-0.996
769.269,49.701,-0.998
769.307,49.364,-0.997
769.345,49.554,-0.997
769.383,49.49,-0.997
769.421,51.282,-1.006
769.458,49.48,-0.996
769.496,50.221,-0.997
769.534,50.686,-0.998
769.572,50.456,-0.997
769.61,52.125,-1.004
769.648,50.357,-0.997
769.686,50.126,-0.997
769.724,50.776,-0.997
769.762,50.789,-0.997
769.8,51.442,-0.999
769.838,50.61,-0.996
769.876,51.123,-0.998
769.913,51.497,-0.998
769.951,51.267,-0.996
769.989,51.746,-0.998
770.027,51.581,-0.998
770.065,51.39,-0.997
770.103,52.239,-0.998
770.14,52.044,-0.998
770.178,52.445,-0.997
770.216,52.41,-0.998
770.254,52.701,-0.997
770.291,52.689,-0.997
770.329,52.932,-0.996
770.367,53.366,-0.998
770.405,53.598,-0.996
770.442,54.095,-1
770.48,53.518,-0.996
770.518,53.511,-0.996
770.556,54.098,-0.997
770.593,53.549,-0.995
770.631,54.121,-0.997
770.669,53.45,-0.996
770.706,53.774,-0.997
770.744,53.594,-0.996
770.781,54.335,-0.997
770.819,54.871,-0.996
770.857,54.776,-0.995
770.894,54.994,-0.996
770.932,54.857,-0.995
770.969,55.414,-0.995
771.007,55.535,-0.996
771.045,55.886,-0.997
771.082,56.556,-0.998
771.12,56.793,-0.997
771.157,56.663,-0.995
771.195,57.237,-0.996
771.232,58.652,-1
771.27,57.675,-0.995
771.307,58.721,-0.996
771.345,60.905,-1.002
771.382,59.935,-0.995
771.42,61.313,-0.997
771.457,60.969,-0.994
771.495,61.878,-0.995
771.532,62.672,-0.996
771.569,62.296,-0.995
771.607,62.816,-0.995
771.644,63.653,-0.995
771.682,64.334,-0.995
771.719,69.654,-1.009
771.756,66.568,-0.994
771.794,67.01,-0.994
771.831,69.085,-0.996
771.868,70.018,-0.996
771.906,73.205,-1.004
771.943,71.572,-0.996
771.98,72.516,-0.995
772.018,74.893,-1
772.055,73.991,-0.993
772.092,75.911,-0.995
772.13,76.224,-0.992
772.167,77.058,-0.992
772.204,77.674,-0.991
772.241,79.768,-0.992
772.279,81.493,-0.993
772.316,83.576,-0.995
772.353,85.713,-0.998
772.39,84.552,-0.991
772.427,87.182,-0.994
772.465,86.496,-0.989
772.502,89.325,-0.989
772.539,90.168,-0.988
772.576,95.649,-0.997
772.613,93.692,-0.988
772.65,94.028,-0.987
772.687,129.835,-1.059
772.725,99.379,-0.986
772.762,101.086,-0.986
772.799,103.924,-0.986
772.836,105.304,-0.985
772.873,105.985,-0.985
772.91,108.38,-0.984
772.947,113.265,-0.991
772.984,113.03,-0.983
773.021,116.996,-0.985
773.058,119.703,-0.984
773.095,120.564,-0.981
773.132,122.77,-0.98
773.169,127.057,-0.984
773.206,127.168,-0.979
773.243,139.708,-0.994
773.28,135.826,-0.978
773.317,138.751,-0.977
773.354,142.007,-0.975
773.391,149.479,-0.976
773.428,153.155,-0.975
773.465,156.319,-0.975
773.502,161.105,-0.978
773.539,167.032,-0.982
773.576,166.927,-0.973
773.612,168.983,-0.969
773.649,175.423,-0.969
773.686,186.643,-0.977
773.723,186.735,-0.972
773.76,192.263,-0.972
773.797,196.309,-0.965
773.833,207.012,-0.965
773.87,226.116,-0.976
773.907,221.14,-0.962
773.944,229.243,-0.964
773.981,278.075,-1.001
774.017,242.117,-0.956
774.054,253.694,-0.955
